Area,Key Info
Brand Name,Siebert Financial
Website Link,https://www.siebert.com
Long Description,A leading financial services firm offering diversified mutual funds with 50+ years market experience
Short Description,Trusted advisors for mutual fund investors seeking balanced portfolios
Target Audience,Individual investors aged 30-65 looking for long-term growth
Tone of Voice,Professional yet approachable financial guidance
Mutual Fund Types,Equity Funds, Bond Funds, Balanced Funds, Index Funds
Key Benefits,Diversification, Professional Management, Low Expense Ratios
Minimum Investment,$1,000 initial investment
Fund Managers,Experienced team with 10+ year average market tenure
